"","race","Difficulty paying household expenses","Unemployed due to the pandemic","Food insufficient","Housing insecure"
"1","hispanic",50.9243857667525,11.7168156998779,20.7698604366664,14.3167652777869
"2","white",27.5700504272948,6.41442958876229,7.78373782298313,5.57458009961374
"3","black",51.3184581847861,12.934535986202,19.2350825121962,18.8869847162247
"4","asian",33.0215066366284,9.20062499967555,5.09797433491067,6.82270724309697
"5","any other race or combination of races",47.6289193611136,10.5904421088496,16.8412588119866,13.483099181429
